{"_index":"genres","_type":"_doc","_id":"3d8d9bf5-0d90-4353-88ba-4ccc5d2c07ff","_score":1,"_source":{"id":"3d8d9bf5-0d90-4353-88ba-4ccc5d2c07ff","name":"Action","description":""}}
{"_index":"genres","_type":"_doc","_id":"120a21cf-9097-479e-904a-13dd7198c1dd","_score":1,"_source":{"id":"120a21cf-9097-479e-904a-13dd7198c1dd","name":"Adventure","description":""}}
{"_index":"genres","_type":"_doc","_id":"b92ef010-5e4c-4fd0-99d6-41b6456272cd","_score":1,"_source":{"id":"b92ef010-5e4c-4fd0-99d6-41b6456272cd","name":"Fantasy","description":""}}
{"_index":"genres","_type":"_doc","_id":"6c162475-c7ed-4461-9184-001ef3d9f26e","_score":1,"_source":{"id":"6c162475-c7ed-4461-9184-001ef3d9f26e","name":"Sci-Fi","description":""}}
{"_index":"genres","_type":"_doc","_id":"1cacff68-643e-4ddd-8f57-84b62538081a","_score":1,"_source":{"id":"1cacff68-643e-4ddd-8f57-84b62538081a","name":"Drama","description":""}}
{"_index":"genres","_type":"_doc","_id":"56b541ab-4d66-4021-8708-397762bff2d4","_score":1,"_source":{"id":"56b541ab-4d66-4021-8708-397762bff2d4","name":"Music","description":""}}
{"_index":"genres","_type":"_doc","_id":"237fd1e4-c98e-454e-aa13-8a13fb7547b5","_score":1,"_source":{"id":"237fd1e4-c98e-454e-aa13-8a13fb7547b5","name":"Romance","description":""}}
{"_index":"genres","_type":"_doc","_id":"526769d7-df18-4661-9aa6-49ed24e9dfd8","_score":1,"_source":{"id":"526769d7-df18-4661-9aa6-49ed24e9dfd8","name":"Thriller","description":""}}
{"_index":"genres","_type":"_doc","_id":"ca88141b-a6b4-450d-bbc3-efa940e4953f","_score":1,"_source":{"id":"ca88141b-a6b4-450d-bbc3-efa940e4953f","name":"Mystery","description":""}}
{"_index":"genres","_type":"_doc","_id":"5373d043-3f41-4ea8-9947-4b746c601bbd","_score":1,"_source":{"id":"5373d043-3f41-4ea8-9947-4b746c601bbd","name":"Comedy","description":""}}
{"_index":"genres","_type":"_doc","_id":"6a0a479b-cfec-41ac-b520-41b2b007b611","_score":1,"_source":{"id":"6a0a479b-cfec-41ac-b520-41b2b007b611","name":"Animation","description":""}}
{"_index":"genres","_type":"_doc","_id":"55c723c1-6d90-4a04-a44b-e9792040251a","_score":1,"_source":{"id":"55c723c1-6d90-4a04-a44b-e9792040251a","name":"Family","description":""}}
{"_index":"genres","_type":"_doc","_id":"ca124c76-9760-4406-bfa0-409b1e38d200","_score":1,"_source":{"id":"ca124c76-9760-4406-bfa0-409b1e38d200","name":"Biography","description":""}}
{"_index":"genres","_type":"_doc","_id":"9c91a5b2-eb70-4889-8581-ebe427370edd","_score":1,"_source":{"id":"9c91a5b2-eb70-4889-8581-ebe427370edd","name":"Musical","description":""}}
{"_index":"genres","_type":"_doc","_id":"63c24835-34d3-4279-8d81-3c5f4ddb0cdc","_score":1,"_source":{"id":"63c24835-34d3-4279-8d81-3c5f4ddb0cdc","name":"Crime","description":""}}
{"_index":"genres","_type":"_doc","_id":"a886d0ec-c3f3-4b16-b973-dedcf5bfa395","_score":1,"_source":{"id":"a886d0ec-c3f3-4b16-b973-dedcf5bfa395","name":"Short","description":""}}
{"_index":"genres","_type":"_doc","_id":"0b105f87-e0a5-45dc-8ce7-f8632088f390","_score":1,"_source":{"id":"0b105f87-e0a5-45dc-8ce7-f8632088f390","name":"Western","description":""}}
{"_index":"genres","_type":"_doc","_id":"6d141ad2-d407-4252-bda4-95590aaf062a","_score":1,"_source":{"id":"6d141ad2-d407-4252-bda4-95590aaf062a","name":"Documentary","description":""}}
{"_index":"genres","_type":"_doc","_id":"eb7212a7-dd10-4552-bf7b-7a505a8c0b95","_score":1,"_source":{"id":"eb7212a7-dd10-4552-bf7b-7a505a8c0b95","name":"History","description":""}}
{"_index":"genres","_type":"_doc","_id":"c020dab2-e9bd-4758-95ca-dbe363462173","_score":1,"_source":{"id":"c020dab2-e9bd-4758-95ca-dbe363462173","name":"War","description":""}}
{"_index":"genres","_type":"_doc","_id":"fb58fd7f-7afd-447f-b833-e51e45e2a778","_score":1,"_source":{"id":"fb58fd7f-7afd-447f-b833-e51e45e2a778","name":"Game-Show","description":""}}
{"_index":"genres","_type":"_doc","_id":"e508c1c8-24c0-4136-80b4-340c4befb190","_score":1,"_source":{"id":"e508c1c8-24c0-4136-80b4-340c4befb190","name":"Reality-TV","description":""}}
{"_index":"genres","_type":"_doc","_id":"f39d7b6d-aef2-40b1-aaf0-cf05e7048011","_score":1,"_source":{"id":"f39d7b6d-aef2-40b1-aaf0-cf05e7048011","name":"Horror","description":""}}
{"_index":"genres","_type":"_doc","_id":"2f89e116-4827-4ff4-853c-b6e058f71e31","_score":1,"_source":{"id":"2f89e116-4827-4ff4-853c-b6e058f71e31","name":"Sport","description":""}}
{"_index":"genres","_type":"_doc","_id":"31cabbb5-6389-45c6-9b48-f7f173f6c40f","_score":1,"_source":{"id":"31cabbb5-6389-45c6-9b48-f7f173f6c40f","name":"Talk-Show","description":""}}
{"_index":"genres","_type":"_doc","_id":"f24fd632-b1a5-4273-a835-0119bd12f829","_score":1,"_source":{"id":"f24fd632-b1a5-4273-a835-0119bd12f829","name":"News","description":""}}
{"_index":"genres","_type":"_doc","_id":"3263449f-148b-4c67-89e8-4b3a5f323256","_score":1,"_source":{"id":"3263449f-148b-4c67-89e8-4b3a5f323256","name":"Estate manager/land agent","description":""}}
{"_index":"genres","_type":"_doc","_id":"8695623b-c405-4213-b5b1-539b17b9dcb3","_score":1,"_source":{"id":"8695623b-c405-4213-b5b1-539b17b9dcb3","name":"Designer, graphic","description":""}}
{"_index":"genres","_type":"_doc","_id":"53531c42-2b12-4a12-a27d-78cf748ff267","_score":1,"_source":{"id":"53531c42-2b12-4a12-a27d-78cf748ff267","name":"Health service manager","description":""}}
{"_index":"genres","_type":"_doc","_id":"bff780b1-7b4a-4cb9-95fd-1e9d4c17b18e","_score":1,"_source":{"id":"bff780b1-7b4a-4cb9-95fd-1e9d4c17b18e","name":"Immunologist","description":""}}
{"_index":"genres","_type":"_doc","_id":"81f37629-6aaa-4ce1-99ca-998215694337","_score":1,"_source":{"id":"81f37629-6aaa-4ce1-99ca-998215694337","name":"Armed forces technical officer","description":""}}
{"_index":"genres","_type":"_doc","_id":"d43c532a-dd59-4e5f-8528-565f525222a0","_score":1,"_source":{"id":"d43c532a-dd59-4e5f-8528-565f525222a0","name":"Phytotherapist","description":""}}
{"_index":"genres","_type":"_doc","_id":"4f96417c-0dac-44f7-a74c-6ab29d27c279","_score":1,"_source":{"id":"4f96417c-0dac-44f7-a74c-6ab29d27c279","name":"Phytotherapist","description":""}}
{"_index":"genres","_type":"_doc","_id":"53cc4a59-09bb-4c1d-a58b-d0bb79b2ba0c","_score":1,"_source":{"id":"53cc4a59-09bb-4c1d-a58b-d0bb79b2ba0c","name":"Pharmacist, community","description":""}}
{"_index":"genres","_type":"_doc","_id":"c212ca83-3f88-4394-bfde-54c631480f1d","_score":1,"_source":{"id":"c212ca83-3f88-4394-bfde-54c631480f1d","name":"Further education lecturer","description":""}}
{"_index":"genres","_type":"_doc","_id":"dbdd895a-a968-4e22-a01e-d16a39cfe19a","_score":1,"_source":{"id":"dbdd895a-a968-4e22-a01e-d16a39cfe19a","name":"Outdoor activities/education manager","description":""}}
{"_index":"genres","_type":"_doc","_id":"1eb5d0f7-9867-48ba-8ccb-fe8d8da486a3","_score":1,"_source":{"id":"1eb5d0f7-9867-48ba-8ccb-fe8d8da486a3","name":"Automotive engineer","description":""}}
{"_index":"genres","_type":"_doc","_id":"f924df5f-4781-4457-8ad4-ab88ad73abcf","_score":1,"_source":{"id":"f924df5f-4781-4457-8ad4-ab88ad73abcf","name":"Heritage manager","description":""}}
{"_index":"genres","_type":"_doc","_id":"1cf0949c-b8fa-456f-9bc7-8ecf64f460ae","_score":1,"_source":{"id":"1cf0949c-b8fa-456f-9bc7-8ecf64f460ae","name":"Patent attorney","description":""}}
{"_index":"genres","_type":"_doc","_id":"47bb0a74-097b-47c3-91fe-e5736d044a10","_score":1,"_source":{"id":"47bb0a74-097b-47c3-91fe-e5736d044a10","name":"Special educational needs teacher","description":""}}
{"_index":"genres","_type":"_doc","_id":"a663e2b1-e9cb-40af-950e-8fdc220b3c16","_score":1,"_source":{"id":"a663e2b1-e9cb-40af-950e-8fdc220b3c16","name":"Adult nurse","description":""}}
{"_index":"genres","_type":"_doc","_id":"31653363-7278-43d5-8232-4feeb47ed6f5","_score":1,"_source":{"id":"31653363-7278-43d5-8232-4feeb47ed6f5","name":"Chemical engineer","description":""}}
{"_index":"genres","_type":"_doc","_id":"3b89f194-02b2-4471-85a8-7afa7e33ddd6","_score":1,"_source":{"id":"3b89f194-02b2-4471-85a8-7afa7e33ddd6","name":"Field trials officer","description":""}}
{"_index":"genres","_type":"_doc","_id":"b1c61800-ef6d-4d71-8583-ad2a743297fe","_score":1,"_source":{"id":"b1c61800-ef6d-4d71-8583-ad2a743297fe","name":"Customer service manager","description":""}}
{"_index":"genres","_type":"_doc","_id":"75119202-8093-4d82-955c-18608fb1217c","_score":1,"_source":{"id":"75119202-8093-4d82-955c-18608fb1217c","name":"Television production assistant","description":""}}
{"_index":"genres","_type":"_doc","_id":"3fff4982-df17-4f27-8d01-674d189a14bf","_score":1,"_source":{"id":"3fff4982-df17-4f27-8d01-674d189a14bf","name":"Runner, broadcasting/film/video","description":""}}
{"_index":"genres","_type":"_doc","_id":"e62ff0a5-552c-401c-a5aa-8e4d1ef34d31","_score":1,"_source":{"id":"e62ff0a5-552c-401c-a5aa-8e4d1ef34d31","name":"Archivist","description":""}}
{"_index":"genres","_type":"_doc","_id":"fa8002cd-5d54-442b-b0fb-8a21c48aca7c","_score":1,"_source":{"id":"fa8002cd-5d54-442b-b0fb-8a21c48aca7c","name":"Equities trader","description":""}}
{"_index":"genres","_type":"_doc","_id":"48c17c9c-d399-435d-aa2f-10068c42a8a6","_score":1,"_source":{"id":"48c17c9c-d399-435d-aa2f-10068c42a8a6","name":"Toxicologist","description":""}}
{"_index":"genres","_type":"_doc","_id":"01f826d4-b4f6-4ef4-a240-dec124c15d69","_score":1,"_source":{"id":"01f826d4-b4f6-4ef4-a240-dec124c15d69","name":"Heritage manager","description":""}}
{"_index":"genres","_type":"_doc","_id":"e538c720-fb3f-484b-9744-566a6caf47a4","_score":1,"_source":{"id":"e538c720-fb3f-484b-9744-566a6caf47a4","name":"Lawyer","description":""}}
{"_index":"genres","_type":"_doc","_id":"dabef7ab-0790-45b9-8514-823b74ab870b","_score":1,"_source":{"id":"dabef7ab-0790-45b9-8514-823b74ab870b","name":"Museum/gallery exhibitions officer","description":""}}
{"_index":"genres","_type":"_doc","_id":"69a1b30d-a37d-4a01-b09d-5de090307a83","_score":1,"_source":{"id":"69a1b30d-a37d-4a01-b09d-5de090307a83","name":"Air cabin crew","description":""}}
{"_index":"genres","_type":"_doc","_id":"28604b38-d8ae-49e2-926e-5ccf8d85d5aa","_score":1,"_source":{"id":"28604b38-d8ae-49e2-926e-5ccf8d85d5aa","name":"Rural practice surveyor","description":""}}
{"_index":"genres","_type":"_doc","_id":"6cc56018-6059-46e9-a0c0-c686143e9454","_score":1,"_source":{"id":"6cc56018-6059-46e9-a0c0-c686143e9454","name":"Doctor, general practice","description":""}}
{"_index":"genres","_type":"_doc","_id":"89e728d2-16c5-40fe-ac57-54f9bcf09f49","_score":1,"_source":{"id":"89e728d2-16c5-40fe-ac57-54f9bcf09f49","name":"Restaurant manager, fast food","description":""}}
{"_index":"genres","_type":"_doc","_id":"952dddf4-0ce9-4505-932e-60a8538f61cc","_score":1,"_source":{"id":"952dddf4-0ce9-4505-932e-60a8538f61cc","name":"Horticultural therapist","description":""}}
{"_index":"genres","_type":"_doc","_id":"b1cb596e-43c6-4f09-9788-eca2a68dfa34","_score":1,"_source":{"id":"b1cb596e-43c6-4f09-9788-eca2a68dfa34","name":"Engineer, materials","description":""}}
{"_index":"genres","_type":"_doc","_id":"59788b51-ca04-419f-b7a1-92c529599911","_score":1,"_source":{"id":"59788b51-ca04-419f-b7a1-92c529599911","name":"Quality manager","description":""}}
{"_index":"genres","_type":"_doc","_id":"d21ab7dc-0efe-4d36-9e76-59aa1316c88c","_score":1,"_source":{"id":"d21ab7dc-0efe-4d36-9e76-59aa1316c88c","name":"Airline pilot","description":""}}
{"_index":"genres","_type":"_doc","_id":"aa6f112a-b7cb-4e9d-a4fc-0a37b0c5f87d","_score":1,"_source":{"id":"aa6f112a-b7cb-4e9d-a4fc-0a37b0c5f87d","name":"Clinical embryologist","description":""}}
{"_index":"genres","_type":"_doc","_id":"d7c82e3e-5de0-4aef-ad3c-64f6a512f884","_score":1,"_source":{"id":"d7c82e3e-5de0-4aef-ad3c-64f6a512f884","name":"Writer","description":""}}
{"_index":"genres","_type":"_doc","_id":"e8975afd-f5a6-4afc-84e4-1d5ba1c37b85","_score":1,"_source":{"id":"e8975afd-f5a6-4afc-84e4-1d5ba1c37b85","name":"Dancer","description":""}}
{"_index":"genres","_type":"_doc","_id":"825e6038-699b-4af2-a048-7b724a770d4f","_score":1,"_source":{"id":"825e6038-699b-4af2-a048-7b724a770d4f","name":"Communications engineer","description":""}}
{"_index":"genres","_type":"_doc","_id":"fb6ccb34-2288-4072-b8fe-1591f9a7bf3d","_score":1,"_source":{"id":"fb6ccb34-2288-4072-b8fe-1591f9a7bf3d","name":"Orthoptist","description":""}}
{"_index":"genres","_type":"_doc","_id":"3d81a42e-d1d1-4c9c-ad5a-7dabef2512a6","_score":1,"_source":{"id":"3d81a42e-d1d1-4c9c-ad5a-7dabef2512a6","name":"Engineer, maintenance (IT)","description":""}}
{"_index":"genres","_type":"_doc","_id":"0fb4332b-b0ec-4637-8835-573c65446574","_score":1,"_source":{"id":"0fb4332b-b0ec-4637-8835-573c65446574","name":"Nurse, learning disability","description":""}}
{"_index":"genres","_type":"_doc","_id":"2b7bd3d3-c16c-49cb-abf7-d664361d5d3f","_score":1,"_source":{"id":"2b7bd3d3-c16c-49cb-abf7-d664361d5d3f","name":"Therapist, nutritional","description":""}}
{"_index":"genres","_type":"_doc","_id":"dd874744-997a-4f7f-8fe6-d539fd95538f","_score":1,"_source":{"id":"dd874744-997a-4f7f-8fe6-d539fd95538f","name":"Homeopath","description":""}}
{"_index":"genres","_type":"_doc","_id":"03832ec7-36f5-4329-97a4-2fac81f1a811","_score":1,"_source":{"id":"03832ec7-36f5-4329-97a4-2fac81f1a811","name":"Hydrologist","description":""}}
{"_index":"genres","_type":"_doc","_id":"b7c92710-c238-4c25-9af9-62cd115e1394","_score":1,"_source":{"id":"b7c92710-c238-4c25-9af9-62cd115e1394","name":"Theme park manager","description":""}}
{"_index":"genres","_type":"_doc","_id":"215160dc-49bc-4c9b-9fbd-7ab7cee5c05f","_score":1,"_source":{"id":"215160dc-49bc-4c9b-9fbd-7ab7cee5c05f","name":"Psychiatrist","description":""}}
{"_index":"genres","_type":"_doc","_id":"1a5dab5a-7449-4656-a222-d501da23df3e","_score":1,"_source":{"id":"1a5dab5a-7449-4656-a222-d501da23df3e","name":"Chiropractor","description":""}}
{"_index":"genres","_type":"_doc","_id":"a78ea225-1e2c-49ba-9dc5-828636c975cf","_score":1,"_source":{"id":"a78ea225-1e2c-49ba-9dc5-828636c975cf","name":"Medical illustrator","description":""}}
{"_index":"genres","_type":"_doc","_id":"7c92fa31-dc6d-49c1-811d-85f61fd9bb0b","_score":1,"_source":{"id":"7c92fa31-dc6d-49c1-811d-85f61fd9bb0b","name":"Legal executive","description":""}}
{"_index":"genres","_type":"_doc","_id":"bf42e2dc-a6ed-41a2-aaf7-c845c4ec5309","_score":1,"_source":{"id":"bf42e2dc-a6ed-41a2-aaf7-c845c4ec5309","name":"Arts administrator","description":""}}
{"_index":"genres","_type":"_doc","_id":"becfe4e4-2485-4145-838d-ab450117dd37","_score":1,"_source":{"id":"becfe4e4-2485-4145-838d-ab450117dd37","name":"Regulatory affairs officer","description":""}}
{"_index":"genres","_type":"_doc","_id":"b6bef97e-b9e2-4866-a3c3-09745dee33a7","_score":1,"_source":{"id":"b6bef97e-b9e2-4866-a3c3-09745dee33a7","name":"Geophysicist/field seismologist","description":""}}
{"_index":"genres","_type":"_doc","_id":"80f1790d-be3d-4eba-8f09-7da8ab09f9c1","_score":1,"_source":{"id":"80f1790d-be3d-4eba-8f09-7da8ab09f9c1","name":"Pension scheme manager","description":""}}
{"_index":"genres","_type":"_doc","_id":"cb168278-42e4-46f1-9fda-cbd272d27992","_score":1,"_source":{"id":"cb168278-42e4-46f1-9fda-cbd272d27992","name":"Administrator, arts","description":""}}
{"_index":"genres","_type":"_doc","_id":"3bcec7c1-562a-450b-9616-d191e673627c","_score":1,"_source":{"id":"3bcec7c1-562a-450b-9616-d191e673627c","name":"Conference centre manager","description":""}}
{"_index":"genres","_type":"_doc","_id":"8f442612-71e4-4a94-a92c-9dcb9654ee55","_score":1,"_source":{"id":"8f442612-71e4-4a94-a92c-9dcb9654ee55","name":"Scientist, physiological","description":""}}
{"_index":"genres","_type":"_doc","_id":"7850196a-06bb-4bbd-a7ae-6a9ff3b36cbc","_score":1,"_source":{"id":"7850196a-06bb-4bbd-a7ae-6a9ff3b36cbc","name":"Accountant, chartered management","description":""}}
{"_index":"genres","_type":"_doc","_id":"6fe0c758-56d8-4822-adcc-2066f04eb0e2","_score":1,"_source":{"id":"6fe0c758-56d8-4822-adcc-2066f04eb0e2","name":"Landscape architect","description":""}}
{"_index":"genres","_type":"_doc","_id":"ae791e1d-dc20-46e1-8ff9-baf8d3b1dec0","_score":1,"_source":{"id":"ae791e1d-dc20-46e1-8ff9-baf8d3b1dec0","name":"Data processing manager","description":""}}
{"_index":"genres","_type":"_doc","_id":"b7a6a8a6-c0bb-483b-bd2f-1e53ad3bd7f8","_score":1,"_source":{"id":"b7a6a8a6-c0bb-483b-bd2f-1e53ad3bd7f8","name":"Barrister","description":""}}
{"_index":"genres","_type":"_doc","_id":"e44682af-4a8c-45e5-b690-e15a4c6ada35","_score":1,"_source":{"id":"e44682af-4a8c-45e5-b690-e15a4c6ada35","name":"Lighting technician, broadcasting/film/video","description":""}}
{"_index":"genres","_type":"_doc","_id":"552286d9-92a8-4812-a8f6-6a1d8c99e7aa","_score":1,"_source":{"id":"552286d9-92a8-4812-a8f6-6a1d8c99e7aa","name":"Media planner","description":""}}
{"_index":"genres","_type":"_doc","_id":"af5ef5df-5e85-4aa3-ac25-90c86ac4708b","_score":1,"_source":{"id":"af5ef5df-5e85-4aa3-ac25-90c86ac4708b","name":"Research scientist (life sciences)","description":""}}
{"_index":"genres","_type":"_doc","_id":"60f2ed63-1079-467d-b932-dedf8e7914ba","_score":1,"_source":{"id":"60f2ed63-1079-467d-b932-dedf8e7914ba","name":"Mechanical engineer","description":""}}
{"_index":"genres","_type":"_doc","_id":"6c151993-8286-47e2-886c-4cc78b779e28","_score":1,"_source":{"id":"6c151993-8286-47e2-886c-4cc78b779e28","name":"Manufacturing systems engineer","description":""}}
{"_index":"genres","_type":"_doc","_id":"8eef3210-36f6-4249-9c22-34de744066a8","_score":1,"_source":{"id":"8eef3210-36f6-4249-9c22-34de744066a8","name":"Operational researcher","description":""}}
{"_index":"genres","_type":"_doc","_id":"aa396c0a-2551-49fe-98fc-2f15d641fb02","_score":1,"_source":{"id":"aa396c0a-2551-49fe-98fc-2f15d641fb02","name":"Holiday representative","description":""}}
{"_index":"genres","_type":"_doc","_id":"15331f0c-9f27-4e10-b163-b27373b5d823","_score":1,"_source":{"id":"15331f0c-9f27-4e10-b163-b27373b5d823","name":"Land","description":""}}
{"_index":"genres","_type":"_doc","_id":"590c1458-daa8-4ae5-a124-78f10c042a4c","_score":1,"_source":{"id":"590c1458-daa8-4ae5-a124-78f10c042a4c","name":"Product designer","description":""}}
{"_index":"genres","_type":"_doc","_id":"4cee0dd2-d501-48e6-baac-ab89bdc36468","_score":1,"_source":{"id":"4cee0dd2-d501-48e6-baac-ab89bdc36468","name":"Accounting technician","description":""}}
{"_index":"genres","_type":"_doc","_id":"8662a46d-02c9-449f-8675-e7501c8c58e0","_score":1,"_source":{"id":"8662a46d-02c9-449f-8675-e7501c8c58e0","name":"Copy","description":""}}
{"_index":"genres","_type":"_doc","_id":"c2bf7060-c491-43b4-afcd-e47a97e66833","_score":1,"_source":{"id":"c2bf7060-c491-43b4-afcd-e47a97e66833","name":"Ranger/warden","description":""}}
{"_index":"genres","_type":"_doc","_id":"346f9002-2d4a-401b-89ca-4cc0159559cc","_score":1,"_source":{"id":"346f9002-2d4a-401b-89ca-4cc0159559cc","name":"Cabin crew","description":""}}
{"_index":"genres","_type":"_doc","_id":"b4c03f18-b9ad-498a-8138-1a3e4f647e18","_score":1,"_source":{"id":"b4c03f18-b9ad-498a-8138-1a3e4f647e18","name":"Petroleum engineer","description":""}}
{"_index":"genres","_type":"_doc","_id":"650df923-be5c-4adf-b0ef-36f5399e1f2b","_score":1,"_source":{"id":"650df923-be5c-4adf-b0ef-36f5399e1f2b","name":"Therapist, occupational","description":""}}
{"_index":"genres","_type":"_doc","_id":"793c86f5-b958-4aaf-b965-aedf568089f6","_score":1,"_source":{"id":"793c86f5-b958-4aaf-b965-aedf568089f6","name":"Broadcast engineer","description":""}}
{"_index":"genres","_type":"_doc","_id":"b8cdaaaa-24af-4428-a730-a3fefd3afd13","_score":1,"_source":{"id":"b8cdaaaa-24af-4428-a730-a3fefd3afd13","name":"Administrator, education","description":""}}
{"_index":"genres","_type":"_doc","_id":"4f82c358-9569-411d-a756-a56925b1f12c","_score":1,"_source":{"id":"4f82c358-9569-411d-a756-a56925b1f12c","name":"Broadcast presenter","description":""}}
{"_index":"genres","_type":"_doc","_id":"ad9a2cf0-3a7e-4451-a9db-f0af54f80cc8","_score":1,"_source":{"id":"ad9a2cf0-3a7e-4451-a9db-f0af54f80cc8","name":"Actuary","description":""}}
{"_index":"genres","_type":"_doc","_id":"5aa9db65-54ed-409f-8eae-caa29ae5de5a","_score":1,"_source":{"id":"5aa9db65-54ed-409f-8eae-caa29ae5de5a","name":"Private music teacher","description":""}}
{"_index":"genres","_type":"_doc","_id":"caa39da7-7400-4497-8f73-bf3dd9e0680a","_score":1,"_source":{"id":"caa39da7-7400-4497-8f73-bf3dd9e0680a","name":"Field seismologist","description":""}}
{"_index":"genres","_type":"_doc","_id":"c4ba295f-3371-493a-8eea-d9301719987e","_score":1,"_source":{"id":"c4ba295f-3371-493a-8eea-d9301719987e","name":"Engineer, water","description":""}}
{"_index":"genres","_type":"_doc","_id":"426597a9-ed6b-40dc-aa22-6756946ba3c1","_score":1,"_source":{"id":"426597a9-ed6b-40dc-aa22-6756946ba3c1","name":"Leisure centre manager","description":""}}
{"_index":"genres","_type":"_doc","_id":"44c93b9b-ea8a-42f8-b98b-8e51d09fae7a","_score":1,"_source":{"id":"44c93b9b-ea8a-42f8-b98b-8e51d09fae7a","name":"Environmental consultant","description":""}}
{"_index":"genres","_type":"_doc","_id":"f3a00f5b-4aae-4ad6-ad9e-ebad5472c896","_score":1,"_source":{"id":"f3a00f5b-4aae-4ad6-ad9e-ebad5472c896","name":"Museum/gallery curator","description":""}}
{"_index":"genres","_type":"_doc","_id":"519a4afc-b3c9-4ad0-9144-7a9ce9b504c0","_score":1,"_source":{"id":"519a4afc-b3c9-4ad0-9144-7a9ce9b504c0","name":"Metallurgist","description":""}}
{"_index":"genres","_type":"_doc","_id":"d0b5991d-053b-40e7-95ab-5cf7aae5939a","_score":1,"_source":{"id":"d0b5991d-053b-40e7-95ab-5cf7aae5939a","name":"Mining engineer","description":""}}
{"_index":"genres","_type":"_doc","_id":"8cdac82f-5441-4555-8047-ac43e2a9c0a4","_score":1,"_source":{"id":"8cdac82f-5441-4555-8047-ac43e2a9c0a4","name":"Administrator, local government","description":""}}
{"_index":"genres","_type":"_doc","_id":"a55c27ec-17c6-4fe9-8c13-77f863bc7e34","_score":1,"_source":{"id":"a55c27ec-17c6-4fe9-8c13-77f863bc7e34","name":"Transport planner","description":""}}
{"_index":"genres","_type":"_doc","_id":"22282d9f-5412-4b48-ad53-74dc06d3a0bb","_score":1,"_source":{"id":"22282d9f-5412-4b48-ad53-74dc06d3a0bb","name":"Patent examiner","description":""}}
{"_index":"genres","_type":"_doc","_id":"25582400-c00a-43a4-9c20-a90a30a53b7d","_score":1,"_source":{"id":"25582400-c00a-43a4-9c20-a90a30a53b7d","name":"Lexicographer","description":""}}
{"_index":"genres","_type":"_doc","_id":"e5d5f1e0-1ae2-426e-a4ec-f1d3a0e169ae","_score":1,"_source":{"id":"e5d5f1e0-1ae2-426e-a4ec-f1d3a0e169ae","name":"Production assistant, television","description":""}}
{"_index":"genres","_type":"_doc","_id":"e5a57056-369a-4204-a9f1-fddf63646ebd","_score":1,"_source":{"id":"e5a57056-369a-4204-a9f1-fddf63646ebd","name":"Medical sales representative","description":""}}
{"_index":"genres","_type":"_doc","_id":"bd976943-1751-4391-bcb6-e2fc5408ed78","_score":1,"_source":{"id":"bd976943-1751-4391-bcb6-e2fc5408ed78","name":"Computer games developer","description":""}}
{"_index":"genres","_type":"_doc","_id":"f9cb497d-fca7-4fdd-8e80-ef16770fe986","_score":1,"_source":{"id":"f9cb497d-fca7-4fdd-8e80-ef16770fe986","name":"Dance movement psychotherapist","description":""}}
{"_index":"genres","_type":"_doc","_id":"39e795de-69a3-428a-9739-249f00b4ef74","_score":1,"_source":{"id":"39e795de-69a3-428a-9739-249f00b4ef74","name":"Control and instrumentation engineer","description":""}}
{"_index":"genres","_type":"_doc","_id":"6bdb8477-39b4-428a-9fe4-ad5bab35d69f","_score":1,"_source":{"id":"6bdb8477-39b4-428a-9fe4-ad5bab35d69f","name":"Surveyor, building","description":""}}
{"_index":"genres","_type":"_doc","_id":"c63d91a6-59b9-4348-bbc0-a14009381911","_score":1,"_source":{"id":"c63d91a6-59b9-4348-bbc0-a14009381911","name":"Producer, radio","description":""}}
{"_index":"genres","_type":"_doc","_id":"493cfdeb-ef5c-4bbd-9f93-428a0edd236f","_score":1,"_source":{"id":"493cfdeb-ef5c-4bbd-9f93-428a0edd236f","name":"Teacher, special educational needs","description":""}}
{"_index":"genres","_type":"_doc","_id":"fbd014cb-b057-4f9e-b525-7996edc9241b","_score":1,"_source":{"id":"fbd014cb-b057-4f9e-b525-7996edc9241b","name":"Physiological scientist","description":""}}
{"_index":"genres","_type":"_doc","_id":"3eefe6bd-7164-4fa5-b111-e5bc3b3e0318","_score":1,"_source":{"id":"3eefe6bd-7164-4fa5-b111-e5bc3b3e0318","name":"Learning disability nurse","description":""}}
{"_index":"genres","_type":"_doc","_id":"880802cd-e398-43ec-ad8f-0415a7620750","_score":1,"_source":{"id":"880802cd-e398-43ec-ad8f-0415a7620750","name":"Horticultural consultant","description":""}}
{"_index":"genres","_type":"_doc","_id":"ba5ccb33-bbe3-497f-ac2e-abf0ffc0caf4","_score":1,"_source":{"id":"ba5ccb33-bbe3-497f-ac2e-abf0ffc0caf4","name":"Editorial assistant","description":""}}
{"_index":"genres","_type":"_doc","_id":"d065fa0e-25ef-4b78-91f4-66c13f6a5ac5","_score":1,"_source":{"id":"d065fa0e-25ef-4b78-91f4-66c13f6a5ac5","name":"Accommodation manager","description":""}}
{"_index":"genres","_type":"_doc","_id":"05a806ac-5590-4335-94df-7a92ad0961cb","_score":1,"_source":{"id":"05a806ac-5590-4335-94df-7a92ad0961cb","name":"Biomedical engineer","description":""}}
{"_index":"genres","_type":"_doc","_id":"60d3e686-ab70-40bb-af3e-8c03f1a20e7c","_score":1,"_source":{"id":"60d3e686-ab70-40bb-af3e-8c03f1a20e7c","name":"Designer, blown glass/stained glass","description":""}}
{"_index":"genres","_type":"_doc","_id":"d7deb635-a570-43e4-9c29-40a64a484a0c","_score":1,"_source":{"id":"d7deb635-a570-43e4-9c29-40a64a484a0c","name":"Warehouse manager","description":""}}
{"_index":"genres","_type":"_doc","_id":"3ad05528-0d11-4f89-9460-5cbdc3992a38","_score":1,"_source":{"id":"3ad05528-0d11-4f89-9460-5cbdc3992a38","name":"Architectural technologist","description":""}}
{"_index":"genres","_type":"_doc","_id":"4f871e04-a64b-4d2d-8c48-a4a6b3db7def","_score":1,"_source":{"id":"4f871e04-a64b-4d2d-8c48-a4a6b3db7def","name":"Health promotion specialist","description":""}}
{"_index":"genres","_type":"_doc","_id":"c4e0c8c5-4a3b-419a-b481-e57748c6222d","_score":1,"_source":{"id":"c4e0c8c5-4a3b-419a-b481-e57748c6222d","name":"Oncologist","description":""}}
{"_index":"genres","_type":"_doc","_id":"3fe5c85a-cac8-403e-a330-ccfcc4f208c3","_score":1,"_source":{"id":"3fe5c85a-cac8-403e-a330-ccfcc4f208c3","name":"Fashion designer","description":""}}
{"_index":"genres","_type":"_doc","_id":"e6df58bf-16c0-4fa0-aea3-9c568f69324f","_score":1,"_source":{"id":"e6df58bf-16c0-4fa0-aea3-9c568f69324f","name":"Research officer, government","description":""}}
{"_index":"genres","_type":"_doc","_id":"c7fc4ecf-9d60-49ee-9499-0d6b967d049e","_score":1,"_source":{"id":"c7fc4ecf-9d60-49ee-9499-0d6b967d049e","name":"Pilot, airline","description":""}}
{"_index":"genres","_type":"_doc","_id":"1244c62e-c0f4-4f7e-92c0-29de5f4262d6","_score":1,"_source":{"id":"1244c62e-c0f4-4f7e-92c0-29de5f4262d6","name":"Sports coach","description":""}}
{"_index":"genres","_type":"_doc","_id":"0821b913-4559-4208-8938-a066a3417758","_score":1,"_source":{"id":"0821b913-4559-4208-8938-a066a3417758","name":"Restaurant manager, fast food","description":""}}
{"_index":"genres","_type":"_doc","_id":"027d3e99-8da5-4182-949f-300c26052b3b","_score":1,"_source":{"id":"027d3e99-8da5-4182-949f-300c26052b3b","name":"Trading standards officer","description":""}}
{"_index":"genres","_type":"_doc","_id":"bd75bbf2-45d4-4caa-89b0-214e6d56e5ff","_score":1,"_source":{"id":"bd75bbf2-45d4-4caa-89b0-214e6d56e5ff","name":"Operations geologist","description":""}}
{"_index":"genres","_type":"_doc","_id":"fa96cb73-7bab-47b5-83a3-b0349e12a8a4","_score":1,"_source":{"id":"fa96cb73-7bab-47b5-83a3-b0349e12a8a4","name":"Air traffic controller","description":""}}
{"_index":"genres","_type":"_doc","_id":"2d026fa5-9596-4098-bc68-47205f5e7e0b","_score":1,"_source":{"id":"2d026fa5-9596-4098-bc68-47205f5e7e0b","name":"Financial controller","description":""}}
{"_index":"genres","_type":"_doc","_id":"da45c977-e390-454b-87a7-c153192c10cc","_score":1,"_source":{"id":"da45c977-e390-454b-87a7-c153192c10cc","name":"Nurse, children's","description":""}}
{"_index":"genres","_type":"_doc","_id":"07c8d0e3-ddc4-4cef-92d2-17f973d221f4","_score":1,"_source":{"id":"07c8d0e3-ddc4-4cef-92d2-17f973d221f4","name":"Investment banker, operational","description":""}}
{"_index":"genres","_type":"_doc","_id":"6ba11393-8d66-40c5-85b8-2477dfb3da29","_score":1,"_source":{"id":"6ba11393-8d66-40c5-85b8-2477dfb3da29","name":"Translator","description":""}}
{"_index":"genres","_type":"_doc","_id":"494a7695-d3fc-442b-8d93-8cf65beaf6e2","_score":1,"_source":{"id":"494a7695-d3fc-442b-8d93-8cf65beaf6e2","name":"Scientist, biomedical","description":""}}
{"_index":"genres","_type":"_doc","_id":"d784d3d6-0f9d-4d8b-b5b8-5d050fc9fa8e","_score":1,"_source":{"id":"d784d3d6-0f9d-4d8b-b5b8-5d050fc9fa8e","name":"Drilling engineer","description":""}}
{"_index":"genres","_type":"_doc","_id":"b3b1eb53-053b-4d69-ae25-f7887c9fa038","_score":1,"_source":{"id":"b3b1eb53-053b-4d69-ae25-f7887c9fa038","name":"Theatre stage manager","description":""}}
{"_index":"genres","_type":"_doc","_id":"c1cb8c0e-a639-42ed-b9e0-49c63df43b39","_score":1,"_source":{"id":"c1cb8c0e-a639-42ed-b9e0-49c63df43b39","name":"Tax inspector","description":""}}
{"_index":"genres","_type":"_doc","_id":"2dc212dd-5a45-4775-9313-d20a93811984","_score":1,"_source":{"id":"2dc212dd-5a45-4775-9313-d20a93811984","name":"Engineer, site","description":""}}
{"_index":"genres","_type":"_doc","_id":"f2284613-67c7-4751-b573-bcd7a2522024","_score":1,"_source":{"id":"f2284613-67c7-4751-b573-bcd7a2522024","name":"Nurse, children's","description":""}}
{"_index":"genres","_type":"_doc","_id":"9a910796-a18d-4478-9366-5f395dcbc8f4","_score":1,"_source":{"id":"9a910796-a18d-4478-9366-5f395dcbc8f4","name":"Financial trader","description":""}}
{"_index":"genres","_type":"_doc","_id":"bdeb6946-07e8-4222-a434-42e16ed477c9","_score":1,"_source":{"id":"bdeb6946-07e8-4222-a434-42e16ed477c9","name":"Merchant navy officer","description":""}}
{"_index":"genres","_type":"_doc","_id":"357d206f-76fc-4063-951f-90fa99811d77","_score":1,"_source":{"id":"357d206f-76fc-4063-951f-90fa99811d77","name":"Hospital doctor","description":""}}
{"_index":"genres","_type":"_doc","_id":"73b2f831-eca7-4571-9f9c-5b6644a36cba","_score":1,"_source":{"id":"73b2f831-eca7-4571-9f9c-5b6644a36cba","name":"Aid worker","description":""}}
{"_index":"genres","_type":"_doc","_id":"9faaee73-522c-4fea-84fc-e3544cb255a5","_score":1,"_source":{"id":"9faaee73-522c-4fea-84fc-e3544cb255a5","name":"Mechanical engineer","description":""}}
{"_index":"genres","_type":"_doc","_id":"2a55bfb7-f3d7-4320-8f4f-48a765090a25","_score":1,"_source":{"id":"2a55bfb7-f3d7-4320-8f4f-48a765090a25","name":"Lawyer","description":""}}
{"_index":"genres","_type":"_doc","_id":"da0a0624-57b6-4524-be34-f4535b71e01c","_score":1,"_source":{"id":"da0a0624-57b6-4524-be34-f4535b71e01c","name":"Social researcher","description":""}}
{"_index":"genres","_type":"_doc","_id":"192c52c0-98db-4cd5-bd43-edc815fffda0","_score":1,"_source":{"id":"192c52c0-98db-4cd5-bd43-edc815fffda0","name":"Interpreter","description":""}}
{"_index":"genres","_type":"_doc","_id":"38368786-07b6-4317-a981-75522d002698","_score":1,"_source":{"id":"38368786-07b6-4317-a981-75522d002698","name":"Scientist, research (medical)","description":""}}
{"_index":"genres","_type":"_doc","_id":"c3c0b7ac-887e-47fc-8bc7-17040cf143df","_score":1,"_source":{"id":"c3c0b7ac-887e-47fc-8bc7-17040cf143df","name":"Psychotherapist, child","description":""}}
{"_index":"genres","_type":"_doc","_id":"5b77a0b3-215d-4359-aaa9-71bd3fa864ef","_score":1,"_source":{"id":"5b77a0b3-215d-4359-aaa9-71bd3fa864ef","name":"Community education officer","description":""}}
{"_index":"genres","_type":"_doc","_id":"e4a187dc-6084-4694-9304-b0a94e2eb9e1","_score":1,"_source":{"id":"e4a187dc-6084-4694-9304-b0a94e2eb9e1","name":"Scientist, research (physical sciences)","description":""}}
{"_index":"genres","_type":"_doc","_id":"707d4d8b-ceda-4a09-9a39-bf002513e68c","_score":1,"_source":{"id":"707d4d8b-ceda-4a09-9a39-bf002513e68c","name":"Event organiser","description":""}}
{"_index":"genres","_type":"_doc","_id":"23b436a4-d86f-47aa-8886-1c3427467446","_score":1,"_source":{"id":"23b436a4-d86f-47aa-8886-1c3427467446","name":"Landscape architect","description":""}}
{"_index":"genres","_type":"_doc","_id":"0756fc13-8e3f-408a-af03-7d0deca90e67","_score":1,"_source":{"id":"0756fc13-8e3f-408a-af03-7d0deca90e67","name":"Clinical embryologist","description":""}}
{"_index":"genres","_type":"_doc","_id":"6ce259c9-a2d3-4493-bc8c-dd26bab463e4","_score":1,"_source":{"id":"6ce259c9-a2d3-4493-bc8c-dd26bab463e4","name":"Teacher, music","description":""}}
{"_index":"genres","_type":"_doc","_id":"6bee318e-bcf2-4b3b-baab-edf38630dd75","_score":1,"_source":{"id":"6bee318e-bcf2-4b3b-baab-edf38630dd75","name":"Investment banker, operational","description":""}}
{"_index":"genres","_type":"_doc","_id":"f2825787-4afa-498f-9c5a-a578dc3a3674","_score":1,"_source":{"id":"f2825787-4afa-498f-9c5a-a578dc3a3674","name":"Product manager","description":""}}
{"_index":"genres","_type":"_doc","_id":"1fea7ba3-ca01-4aa4-a33b-0b0d6289f67d","_score":1,"_source":{"id":"1fea7ba3-ca01-4aa4-a33b-0b0d6289f67d","name":"Personal assistant","description":""}}
{"_index":"genres","_type":"_doc","_id":"8e0aba48-08c7-40b0-8675-36afa1be24a6","_score":1,"_source":{"id":"8e0aba48-08c7-40b0-8675-36afa1be24a6","name":"Toxicologist","description":""}}
{"_index":"genres","_type":"_doc","_id":"ebc2cd7b-4369-4f1b-9ced-73cb4cb5af72","_score":1,"_source":{"id":"ebc2cd7b-4369-4f1b-9ced-73cb4cb5af72","name":"Firefighter","description":""}}
{"_index":"genres","_type":"_doc","_id":"b5a47c3e-5419-433b-a8fc-04697443a1fa","_score":1,"_source":{"id":"b5a47c3e-5419-433b-a8fc-04697443a1fa","name":"Editor, magazine features","description":""}}
{"_index":"genres","_type":"_doc","_id":"6e6dd839-e484-42da-a8d6-065f98984317","_score":1,"_source":{"id":"6e6dd839-e484-42da-a8d6-065f98984317","name":"Retail banker","description":""}}
{"_index":"genres","_type":"_doc","_id":"bf64997d-edb3-4a8e-a2ba-935050f05355","_score":1,"_source":{"id":"bf64997d-edb3-4a8e-a2ba-935050f05355","name":"Minerals surveyor","description":""}}
{"_index":"genres","_type":"_doc","_id":"65a10b66-b30c-4380-8ec4-295cf0ae7fb5","_score":1,"_source":{"id":"65a10b66-b30c-4380-8ec4-295cf0ae7fb5","name":"Equality and diversity officer","description":""}}
{"_index":"genres","_type":"_doc","_id":"2d386ec8-9891-4ab0-bc15-f43bc12edc95","_score":1,"_source":{"id":"2d386ec8-9891-4ab0-bc15-f43bc12edc95","name":"Graphic designer","description":""}}
{"_index":"genres","_type":"_doc","_id":"6d758327-3c67-4d8e-8e88-a5cee8526a25","_score":1,"_source":{"id":"6d758327-3c67-4d8e-8e88-a5cee8526a25","name":"Geneticist, molecular","description":""}}
{"_index":"genres","_type":"_doc","_id":"a00edaf8-2e9c-46eb-8021-d521d82ae484","_score":1,"_source":{"id":"a00edaf8-2e9c-46eb-8021-d521d82ae484","name":"Technical sales engineer","description":""}}
{"_index":"genres","_type":"_doc","_id":"b88f70b0-e2f2-418d-a7b3-e2f4c84a909c","_score":1,"_source":{"id":"b88f70b0-e2f2-418d-a7b3-e2f4c84a909c","name":"IT sales professional","description":""}}
{"_index":"genres","_type":"_doc","_id":"7eb3e1f1-07b9-4f32-85e5-c3f113cc8d34","_score":1,"_source":{"id":"7eb3e1f1-07b9-4f32-85e5-c3f113cc8d34","name":"Engineer, broadcasting (operations)","description":""}}
{"_index":"genres","_type":"_doc","_id":"72e0342c-089d-415a-8bda-bff1d1117a84","_score":1,"_source":{"id":"72e0342c-089d-415a-8bda-bff1d1117a84","name":"Psychotherapist, child","description":""}}
{"_index":"genres","_type":"_doc","_id":"df92028f-d61c-49d4-8f2c-b30172b3f49b","_score":1,"_source":{"id":"df92028f-d61c-49d4-8f2c-b30172b3f49b","name":"Geologist, engineering","description":""}}
{"_index":"genres","_type":"_doc","_id":"3255a738-3bf0-4708-8a8b-6710c2738b66","_score":1,"_source":{"id":"3255a738-3bf0-4708-8a8b-6710c2738b66","name":"Investment banker, corporate","description":""}}
{"_index":"genres","_type":"_doc","_id":"7e475fa2-2f4f-4da8-8810-7b9694106681","_score":1,"_source":{"id":"7e475fa2-2f4f-4da8-8810-7b9694106681","name":"Research officer, government","description":""}}
{"_index":"genres","_type":"_doc","_id":"9b2c3905-9706-4983-9b9b-1ee906617bde","_score":1,"_source":{"id":"9b2c3905-9706-4983-9b9b-1ee906617bde","name":"Microbiologist","description":""}}
{"_index":"genres","_type":"_doc","_id":"a92763fc-2b4a-4e5d-8336-c79ebc2b35b2","_score":1,"_source":{"id":"a92763fc-2b4a-4e5d-8336-c79ebc2b35b2","name":"Therapist, occupational","description":""}}
{"_index":"genres","_type":"_doc","_id":"81881471-a019-42a1-a2e3-a6a1d5bdd234","_score":1,"_source":{"id":"81881471-a019-42a1-a2e3-a6a1d5bdd234","name":"Engineer, building services","description":""}}
{"_index":"genres","_type":"_doc","_id":"d9356dfb-4f2e-4a8b-8e9b-48659cf8c7e8","_score":1,"_source":{"id":"d9356dfb-4f2e-4a8b-8e9b-48659cf8c7e8","name":"Equality and diversity officer","description":""}}
{"_index":"genres","_type":"_doc","_id":"b9443a61-c56e-4ca4-8755-0edfc4cc0cb0","_score":1,"_source":{"id":"b9443a61-c56e-4ca4-8755-0edfc4cc0cb0","name":"Teacher, primary school","description":""}}
{"_index":"genres","_type":"_doc","_id":"91549e91-9f6a-4b19-8fce-b68863bae0ac","_score":1,"_source":{"id":"91549e91-9f6a-4b19-8fce-b68863bae0ac","name":"Human resources officer","description":""}}
{"_index":"genres","_type":"_doc","_id":"eb955cb5-7798-46d9-9b6b-ba3f164aa901","_score":1,"_source":{"id":"eb955cb5-7798-46d9-9b6b-ba3f164aa901","name":"Engineer, structural","description":""}}
{"_index":"genres","_type":"_doc","_id":"3ed99aba-4465-48cb-8af7-3b61e192f716","_score":1,"_source":{"id":"3ed99aba-4465-48cb-8af7-3b61e192f716","name":"Radio broadcast assistant","description":""}}
{"_index":"genres","_type":"_doc","_id":"ced1a96e-4afb-4034-badb-b3f23671c7da","_score":1,"_source":{"id":"ced1a96e-4afb-4034-badb-b3f23671c7da","name":"Garment/textile technologist","description":""}}
{"_index":"genres","_type":"_doc","_id":"3bc61c01-e6ce-4bc4-a42b-3a22f8383ea8","_score":1,"_source":{"id":"3bc61c01-e6ce-4bc4-a42b-3a22f8383ea8","name":"Civil Service fast streamer","description":""}}
{"_index":"genres","_type":"_doc","_id":"db2e7f31-ca60-4a45-8921-30f4d0b876e0","_score":1,"_source":{"id":"db2e7f31-ca60-4a45-8921-30f4d0b876e0","name":"Facilities manager","description":""}}
{"_index":"genres","_type":"_doc","_id":"8019ef01-a9ba-421a-b6ad-ec2ec4539c27","_score":1,"_source":{"id":"8019ef01-a9ba-421a-b6ad-ec2ec4539c27","name":"Biomedical engineer","description":""}}
{"_index":"genres","_type":"_doc","_id":"d08008bd-4db9-48df-ba6f-15fad5723bf9","_score":1,"_source":{"id":"d08008bd-4db9-48df-ba6f-15fad5723bf9","name":"Psychologist, occupational","description":""}}
{"_index":"genres","_type":"_doc","_id":"30890c70-29f1-45d0-b264-e85c292ea03a","_score":1,"_source":{"id":"30890c70-29f1-45d0-b264-e85c292ea03a","name":"Engineer, mining","description":""}}
{"_index":"genres","_type":"_doc","_id":"f39d0656-2761-4c92-8748-c0432e692cc0","_score":1,"_source":{"id":"f39d0656-2761-4c92-8748-c0432e692cc0","name":"Multimedia programmer","description":""}}
{"_index":"genres","_type":"_doc","_id":"58c27e07-5a33-46e0-af24-3fd30bbe4b9e","_score":1,"_source":{"id":"58c27e07-5a33-46e0-af24-3fd30bbe4b9e","name":"Financial adviser","description":""}}
{"_index":"genres","_type":"_doc","_id":"74029da4-0af8-41f9-bb9c-3c3d7b7dd9be","_score":1,"_source":{"id":"74029da4-0af8-41f9-bb9c-3c3d7b7dd9be","name":"Records manager","description":""}}
{"_index":"genres","_type":"_doc","_id":"d908dd27-50f9-43c4-a917-dfe87738a9d7","_score":1,"_source":{"id":"d908dd27-50f9-43c4-a917-dfe87738a9d7","name":"Scientist, forensic","description":""}}
{"_index":"genres","_type":"_doc","_id":"637a5c2a-ca50-4a40-83dc-26cfbf228590","_score":1,"_source":{"id":"637a5c2a-ca50-4a40-83dc-26cfbf228590","name":"Research officer, government","description":""}}
{"_index":"genres","_type":"_doc","_id":"2e9d8e91-393b-42cc-9837-451c5f4e00b8","_score":1,"_source":{"id":"2e9d8e91-393b-42cc-9837-451c5f4e00b8","name":"Market researcher","description":""}}
{"_index":"genres","_type":"_doc","_id":"20f22f60-a238-4837-b568-46571f2def84","_score":1,"_source":{"id":"20f22f60-a238-4837-b568-46571f2def84","name":"Administrator, local government","description":""}}
{"_index":"genres","_type":"_doc","_id":"2e5e189f-ea28-4d36-9113-c3224e19bf81","_score":1,"_source":{"id":"2e5e189f-ea28-4d36-9113-c3224e19bf81","name":"Garment/textile technologist","description":""}}
{"_index":"genres","_type":"_doc","_id":"d6e21524-878e-44fb-a032-8047abf3ab8e","_score":1,"_source":{"id":"d6e21524-878e-44fb-a032-8047abf3ab8e","name":"Electrical engineer","description":""}}
{"_index":"genres","_type":"_doc","_id":"070d0d4e-e0a6-48ea-95b9-bdab18248395","_score":1,"_source":{"id":"070d0d4e-e0a6-48ea-95b9-bdab18248395","name":"Psychiatric nurse","description":""}}
{"_index":"genres","_type":"_doc","_id":"b5713686-438e-44cc-b6c5-c2c2cc1dcd71","_score":1,"_source":{"id":"b5713686-438e-44cc-b6c5-c2c2cc1dcd71","name":"Immunologist","description":""}}
{"_index":"genres","_type":"_doc","_id":"dbf949e6-09e5-4134-adb0-ff84bbb2a587","_score":1,"_source":{"id":"dbf949e6-09e5-4134-adb0-ff84bbb2a587","name":"Chartered legal executive (England and Wales)","description":""}}
{"_index":"genres","_type":"_doc","_id":"3c93d1cf-c5cf-4d1e-9013-903f0e3a3b03","_score":1,"_source":{"id":"3c93d1cf-c5cf-4d1e-9013-903f0e3a3b03","name":"Control and instrumentation engineer","description":""}}
{"_index":"genres","_type":"_doc","_id":"1de09593-774a-44f2-ad3b-9a089c2d4314","_score":1,"_source":{"id":"1de09593-774a-44f2-ad3b-9a089c2d4314","name":"Archaeologist","description":""}}
{"_index":"genres","_type":"_doc","_id":"be7d61b9-586d-4ff7-91c9-42a995c46076","_score":1,"_source":{"id":"be7d61b9-586d-4ff7-91c9-42a995c46076","name":"Public house manager","description":""}}
{"_index":"genres","_type":"_doc","_id":"ff2f35d3-ba6a-4ab9-9b03-24b7470f4184","_score":1,"_source":{"id":"ff2f35d3-ba6a-4ab9-9b03-24b7470f4184","name":"Surveyor, insurance","description":""}}
{"_index":"genres","_type":"_doc","_id":"e12aabb2-0d6b-4843-8127-319482899b17","_score":1,"_source":{"id":"e12aabb2-0d6b-4843-8127-319482899b17","name":"Research scientist (medical)","description":""}}
{"_index":"genres","_type":"_doc","_id":"9717cb41-65c2-4bb9-bf2b-63fe22175c4e","_score":1,"_source":{"id":"9717cb41-65c2-4bb9-bf2b-63fe22175c4e","name":"Accountant, chartered public finance","description":""}}
{"_index":"genres","_type":"_doc","_id":"6887eeb9-7267-4627-a3f7-e4c440f3a984","_score":1,"_source":{"id":"6887eeb9-7267-4627-a3f7-e4c440f3a984","name":"Acupuncturist","description":""}}
{"_index":"genres","_type":"_doc","_id":"6982c07a-3660-4e60-ae3d-3cda09a3a825","_score":1,"_source":{"id":"6982c07a-3660-4e60-ae3d-3cda09a3a825","name":"Television floor manager","description":""}}
{"_index":"genres","_type":"_doc","_id":"e1db2795-69b6-48c8-984a-80da77d7f514","_score":1,"_source":{"id":"e1db2795-69b6-48c8-984a-80da77d7f514","name":"Designer, television/film set","description":""}}
{"_index":"genres","_type":"_doc","_id":"127073f0-36c3-4b43-b5fa-64f19252df4c","_score":1,"_source":{"id":"127073f0-36c3-4b43-b5fa-64f19252df4c","name":"Interpreter","description":""}}
{"_index":"genres","_type":"_doc","_id":"2c78ab2d-3d24-458f-a08a-ac3d516cd2fc","_score":1,"_source":{"id":"2c78ab2d-3d24-458f-a08a-ac3d516cd2fc","name":"Animal nutritionist","description":""}}
{"_index":"genres","_type":"_doc","_id":"1d1628bd-1abd-4e40-bc04-334fa488b74f","_score":1,"_source":{"id":"1d1628bd-1abd-4e40-bc04-334fa488b74f","name":"Software engineer","description":""}}
{"_index":"genres","_type":"_doc","_id":"e0a53892-f2a7-491a-8b29-1e603c741c4e","_score":1,"_source":{"id":"e0a53892-f2a7-491a-8b29-1e603c741c4e","name":"Nurse, children's","description":""}}
{"_index":"genres","_type":"_doc","_id":"4a2b3b81-60fd-42cd-85e7-d2acd8669197","_score":1,"_source":{"id":"4a2b3b81-60fd-42cd-85e7-d2acd8669197","name":"Camera operator","description":""}}
{"_index":"genres","_type":"_doc","_id":"4b5173e4-b6f4-4154-bd5c-b0257a81e527","_score":1,"_source":{"id":"4b5173e4-b6f4-4154-bd5c-b0257a81e527","name":"Metallurgist","description":""}}
{"_index":"genres","_type":"_doc","_id":"2539c4bb-c629-48cc-97f7-24b70aa1cb98","_score":1,"_source":{"id":"2539c4bb-c629-48cc-97f7-24b70aa1cb98","name":"Building services engineer","description":""}}
{"_index":"genres","_type":"_doc","_id":"5b3f042d-c219-401b-b4fd-57472a3af0ca","_score":1,"_source":{"id":"5b3f042d-c219-401b-b4fd-57472a3af0ca","name":"Press photographer","description":""}}
{"_index":"genres","_type":"_doc","_id":"7e539906-8b8b-4d4a-b2b1-18513bf9b75b","_score":1,"_source":{"id":"7e539906-8b8b-4d4a-b2b1-18513bf9b75b","name":"Heritage manager","description":""}}
{"_index":"genres","_type":"_doc","_id":"a21a413a-90ec-4577-bdb7-09c154644ca4","_score":1,"_source":{"id":"a21a413a-90ec-4577-bdb7-09c154644ca4","name":"Therapist, music","description":""}}
{"_index":"genres","_type":"_doc","_id":"b87a558b-9ed3-4d0d-9753-4643397a2218","_score":1,"_source":{"id":"b87a558b-9ed3-4d0d-9753-4643397a2218","name":"Scientist, forensic","description":""}}
{"_index":"genres","_type":"_doc","_id":"787479a0-9405-423b-a032-a4f1a1c52b17","_score":1,"_source":{"id":"787479a0-9405-423b-a032-a4f1a1c52b17","name":"Teacher, secondary school","description":""}}
{"_index":"genres","_type":"_doc","_id":"5dc467a6-8418-4a0e-a598-bd66560baf98","_score":1,"_source":{"id":"5dc467a6-8418-4a0e-a598-bd66560baf98","name":"Dentist","description":""}}
{"_index":"genres","_type":"_doc","_id":"931004a7-170c-4ac4-bc5c-3a0ff32eef85","_score":1,"_source":{"id":"931004a7-170c-4ac4-bc5c-3a0ff32eef85","name":"Product designer","description":""}}
{"_index":"genres","_type":"_doc","_id":"8ab2b152-f6ca-4d16-81c4-f173cc8d3a04","_score":1,"_source":{"id":"8ab2b152-f6ca-4d16-81c4-f173cc8d3a04","name":"Engineer, water","description":""}}
{"_index":"genres","_type":"_doc","_id":"17d9bf36-72dc-4981-aa41-818284c56eb8","_score":1,"_source":{"id":"17d9bf36-72dc-4981-aa41-818284c56eb8","name":"Psychotherapist, child","description":""}}
{"_index":"genres","_type":"_doc","_id":"c924d9f9-0580-42c1-b72a-975675d01e87","_score":1,"_source":{"id":"c924d9f9-0580-42c1-b72a-975675d01e87","name":"Doctor, hospital","description":""}}
{"_index":"genres","_type":"_doc","_id":"b25e7250-e201-4fcf-8e4d-510b92c80cc4","_score":1,"_source":{"id":"b25e7250-e201-4fcf-8e4d-510b92c80cc4","name":"Transport planner","description":""}}
{"_index":"genres","_type":"_doc","_id":"25853068-0fbe-4438-9e38-848c2b451957","_score":1,"_source":{"id":"25853068-0fbe-4438-9e38-848c2b451957","name":"Psychologist, prison and probation services","description":""}}
{"_index":"genres","_type":"_doc","_id":"03b06298-e882-4a89-a293-0a60af5ef975","_score":1,"_source":{"id":"03b06298-e882-4a89-a293-0a60af5ef975","name":"Production assistant, radio","description":""}}
{"_index":"genres","_type":"_doc","_id":"a455fc02-9574-458f-83c4-4eeafbde2c0c","_score":1,"_source":{"id":"a455fc02-9574-458f-83c4-4eeafbde2c0c","name":"Ranger/warden","description":""}}
{"_index":"genres","_type":"_doc","_id":"f2f85822-9db5-4d18-b27b-292f4efe4bcc","_score":1,"_source":{"id":"f2f85822-9db5-4d18-b27b-292f4efe4bcc","name":"Teaching laboratory technician","description":""}}
{"_index":"genres","_type":"_doc","_id":"e251b938-1b41-4452-bb3a-5ea8cce8ada2","_score":1,"_source":{"id":"e251b938-1b41-4452-bb3a-5ea8cce8ada2","name":"English as a foreign language teacher","description":""}}
{"_index":"genres","_type":"_doc","_id":"2fddc726-0e1f-4d75-ba7a-f1697f7d6c77","_score":1,"_source":{"id":"2fddc726-0e1f-4d75-ba7a-f1697f7d6c77","name":"Insurance underwriter","description":""}}
{"_index":"genres","_type":"_doc","_id":"b5837483-ee67-413f-9223-c7fec5c3adfb","_score":1,"_source":{"id":"b5837483-ee67-413f-9223-c7fec5c3adfb","name":"Leisure centre manager","description":""}}
{"_index":"genres","_type":"_doc","_id":"1e7af091-c32e-4bac-a79d-896454d664f2","_score":1,"_source":{"id":"1e7af091-c32e-4bac-a79d-896454d664f2","name":"Risk manager","description":""}}
{"_index":"genres","_type":"_doc","_id":"f35b0ebb-b0a4-46bd-9565-9c361ae6cd36","_score":1,"_source":{"id":"f35b0ebb-b0a4-46bd-9565-9c361ae6cd36","name":"Librarian, public","description":""}}
{"_index":"genres","_type":"_doc","_id":"6d0385c3-fb51-4ec5-bbee-8e78ec8d2986","_score":1,"_source":{"id":"6d0385c3-fb51-4ec5-bbee-8e78ec8d2986","name":"Advertising art director","description":""}}
{"_index":"genres","_type":"_doc","_id":"e82a264f-be33-478e-b4b2-6b2d86ffd1eb","_score":1,"_source":{"id":"e82a264f-be33-478e-b4b2-6b2d86ffd1eb","name":"Primary school teacher","description":""}}
{"_index":"genres","_type":"_doc","_id":"c851db13-ed73-4083-b443-a344889a4c01","_score":1,"_source":{"id":"c851db13-ed73-4083-b443-a344889a4c01","name":"Product/process development scientist","description":""}}
{"_index":"genres","_type":"_doc","_id":"eaff2d4f-c317-47f3-ac1e-22269e4699ea","_score":1,"_source":{"id":"eaff2d4f-c317-47f3-ac1e-22269e4699ea","name":"Sales promotion account executive","description":""}}
{"_index":"genres","_type":"_doc","_id":"75168f6b-ca93-47cc-b63e-7b7033161e47","_score":1,"_source":{"id":"75168f6b-ca93-47cc-b63e-7b7033161e47","name":"Lawyer","description":""}}
{"_index":"genres","_type":"_doc","_id":"653d7a00-f155-4cf2-833e-113daffeb575","_score":1,"_source":{"id":"653d7a00-f155-4cf2-833e-113daffeb575","name":"Doctor, hospital","description":""}}
{"_index":"genres","_type":"_doc","_id":"d100d1a4-23e8-4fd7-8c18-79e923ee4caf","_score":1,"_source":{"id":"d100d1a4-23e8-4fd7-8c18-79e923ee4caf","name":"Architectural technologist","description":""}}
{"_index":"genres","_type":"_doc","_id":"8e06f193-6dac-4cd6-abc7-f6c263712e94","_score":1,"_source":{"id":"8e06f193-6dac-4cd6-abc7-f6c263712e94","name":"IT trainer","description":""}}
{"_index":"genres","_type":"_doc","_id":"e8bf68f6-2b25-443e-a1ab-f7e96834ea1f","_score":1,"_source":{"id":"e8bf68f6-2b25-443e-a1ab-f7e96834ea1f","name":"Environmental health practitioner","description":""}}
{"_index":"genres","_type":"_doc","_id":"d1b748f6-4b7a-42f9-a9dc-4e5029d886e2","_score":1,"_source":{"id":"d1b748f6-4b7a-42f9-a9dc-4e5029d886e2","name":"Arts development officer","description":""}}
{"_index":"genres","_type":"_doc","_id":"4407a382-fe27-4b6d-b2e0-2cd5d94718a7","_score":1,"_source":{"id":"4407a382-fe27-4b6d-b2e0-2cd5d94718a7","name":"Nurse, learning disability","description":""}}
{"_index":"genres","_type":"_doc","_id":"21ba572b-c22d-4097-b043-ffb6d193c4b8","_score":1,"_source":{"id":"21ba572b-c22d-4097-b043-ffb6d193c4b8","name":"Neurosurgeon","description":""}}
{"_index":"genres","_type":"_doc","_id":"5489bbb0-11d2-49c3-b215-86edef2ef521","_score":1,"_source":{"id":"5489bbb0-11d2-49c3-b215-86edef2ef521","name":"Scientist, research (medical)","description":""}}
{"_index":"genres","_type":"_doc","_id":"2984acc1-4177-4f57-89b6-f3d2e275d722","_score":1,"_source":{"id":"2984acc1-4177-4f57-89b6-f3d2e275d722","name":"Designer, jewellery","description":""}}
{"_index":"genres","_type":"_doc","_id":"3a5e92aa-ed80-4fd3-b209-1ba4ff03cb8a","_score":1,"_source":{"id":"3a5e92aa-ed80-4fd3-b209-1ba4ff03cb8a","name":"Materials engineer","description":""}}
{"_index":"genres","_type":"_doc","_id":"67723c84-bfc8-4704-8acf-4d256c646911","_score":1,"_source":{"id":"67723c84-bfc8-4704-8acf-4d256c646911","name":"Medical physicist","description":""}}
{"_index":"genres","_type":"_doc","_id":"9670c87f-02ba-4d3c-bf3d-790968c24f41","_score":1,"_source":{"id":"9670c87f-02ba-4d3c-bf3d-790968c24f41","name":"Multimedia programmer","description":""}}
{"_index":"genres","_type":"_doc","_id":"e2696329-6c51-41f6-af8c-9c754ba617d0","_score":1,"_source":{"id":"e2696329-6c51-41f6-af8c-9c754ba617d0","name":"Careers information officer","description":""}}
{"_index":"genres","_type":"_doc","_id":"847d9a7f-7cb5-42b2-9dfc-fc6fe860167f","_score":1,"_source":{"id":"847d9a7f-7cb5-42b2-9dfc-fc6fe860167f","name":"Conservator, furniture","description":""}}
{"_index":"genres","_type":"_doc","_id":"e2f1b721-b44f-423d-9811-1cd5122902cc","_score":1,"_source":{"id":"e2f1b721-b44f-423d-9811-1cd5122902cc","name":"Journalist, newspaper","description":""}}
{"_index":"genres","_type":"_doc","_id":"b04b5aed-6b1a-497c-816a-235df5b7fad6","_score":1,"_source":{"id":"b04b5aed-6b1a-497c-816a-235df5b7fad6","name":"Sales professional, IT","description":""}}
{"_index":"genres","_type":"_doc","_id":"cb72b285-a4d9-4599-b22d-6a66dddb00d5","_score":1,"_source":{"id":"cb72b285-a4d9-4599-b22d-6a66dddb00d5","name":"Arts administrator","description":""}}
{"_index":"genres","_type":"_doc","_id":"717ad5f3-b6fc-48f1-96e1-e0baf4ae628f","_score":1,"_source":{"id":"717ad5f3-b6fc-48f1-96e1-e0baf4ae628f","name":"Operational researcher","description":""}}
{"_index":"genres","_type":"_doc","_id":"3c7d112f-9ceb-465f-922c-1b3cc976fab9","_score":1,"_source":{"id":"3c7d112f-9ceb-465f-922c-1b3cc976fab9","name":"Clinical cytogeneticist","description":""}}
{"_index":"genres","_type":"_doc","_id":"1ef0b536-b764-4e93-b383-d48ae48a5316","_score":1,"_source":{"id":"1ef0b536-b764-4e93-b383-d48ae48a5316","name":"Occupational therapist","description":""}}
{"_index":"genres","_type":"_doc","_id":"fdabda78-f68d-45f7-8c06-0160e310e0f4","_score":1,"_source":{"id":"fdabda78-f68d-45f7-8c06-0160e310e0f4","name":"Dentist","description":""}}
{"_index":"genres","_type":"_doc","_id":"3999375a-21b6-45f4-80ca-5f1ddb00e0db","_score":1,"_source":{"id":"3999375a-21b6-45f4-80ca-5f1ddb00e0db","name":"Engineer, manufacturing systems","description":""}}
{"_index":"genres","_type":"_doc","_id":"0a413857-52b4-464e-b0bb-752ef2d701bf","_score":1,"_source":{"id":"0a413857-52b4-464e-b0bb-752ef2d701bf","name":"Paediatric nurse","description":""}}
{"_index":"genres","_type":"_doc","_id":"bc0d45cd-d083-44c7-a3a6-9c2cb3afa4d4","_score":1,"_source":{"id":"bc0d45cd-d083-44c7-a3a6-9c2cb3afa4d4","name":"Therapist, horticultural","description":""}}
{"_index":"genres","_type":"_doc","_id":"8b265bda-7cdd-4551-8378-c0be99266e4a","_score":1,"_source":{"id":"8b265bda-7cdd-4551-8378-c0be99266e4a","name":"Herpetologist","description":""}}
{"_index":"genres","_type":"_doc","_id":"1aedd93a-aa2b-4db3-9a10-895a892dc434","_score":1,"_source":{"id":"1aedd93a-aa2b-4db3-9a10-895a892dc434","name":"Radio producer","description":""}}
{"_index":"genres","_type":"_doc","_id":"14158fa3-5bba-4cbd-8a8a-74d76c9792cb","_score":1,"_source":{"id":"14158fa3-5bba-4cbd-8a8a-74d76c9792cb","name":"Librarian, public","description":""}}
{"_index":"genres","_type":"_doc","_id":"0b718766-7c16-4be0-a935-4134c3ae19ce","_score":1,"_source":{"id":"0b718766-7c16-4be0-a935-4134c3ae19ce","name":"Animal technologist","description":""}}
{"_index":"genres","_type":"_doc","_id":"a8b31c4d-2b09-47ef-9b1e-a040620ff660","_score":1,"_source":{"id":"a8b31c4d-2b09-47ef-9b1e-a040620ff660","name":"Programmer, multimedia","description":""}}
{"_index":"genres","_type":"_doc","_id":"aeb65321-d5f0-4d9e-b273-971298b5c13f","_score":1,"_source":{"id":"aeb65321-d5f0-4d9e-b273-971298b5c13f","name":"Field seismologist","description":""}}
{"_index":"genres","_type":"_doc","_id":"53033559-5214-4a8b-bb91-eab58a3506d7","_score":1,"_source":{"id":"53033559-5214-4a8b-bb91-eab58a3506d7","name":"Astronomer","description":""}}
{"_index":"genres","_type":"_doc","_id":"8958a4de-a626-4819-8fde-724921f62667","_score":1,"_source":{"id":"8958a4de-a626-4819-8fde-724921f62667","name":"Dealer","description":""}}
{"_index":"genres","_type":"_doc","_id":"8e683f47-2d4b-4d19-9da8-8377a6fb0fa7","_score":1,"_source":{"id":"8e683f47-2d4b-4d19-9da8-8377a6fb0fa7","name":"Programmer, applications","description":""}}
{"_index":"genres","_type":"_doc","_id":"8cce2682-be27-434e-a567-a833d6aa6ff6","_score":1,"_source":{"id":"8cce2682-be27-434e-a567-a833d6aa6ff6","name":"Environmental health practitioner","description":""}}
{"_index":"genres","_type":"_doc","_id":"bb28945b-e1f5-411f-bee9-c51934e2f282","_score":1,"_source":{"id":"bb28945b-e1f5-411f-bee9-c51934e2f282","name":"Armed forces operational officer","description":""}}
{"_index":"genres","_type":"_doc","_id":"e8d49797-eb8a-4795-b9ea-a2a087288e8a","_score":1,"_source":{"id":"e8d49797-eb8a-4795-b9ea-a2a087288e8a","name":"Cabin crew","description":""}}
{"_index":"genres","_type":"_doc","_id":"7a0d58e6-9c47-428a-acd4-26bc57d80b5b","_score":1,"_source":{"id":"7a0d58e6-9c47-428a-acd4-26bc57d80b5b","name":"Risk manager","description":""}}
{"_index":"genres","_type":"_doc","_id":"c11f110b-c39d-4cc6-876e-13ae48a9e7c0","_score":1,"_source":{"id":"c11f110b-c39d-4cc6-876e-13ae48a9e7c0","name":"Actuary","description":""}}
{"_index":"genres","_type":"_doc","_id":"987419fe-009f-4d6d-8a62-bbc4993dc760","_score":1,"_source":{"id":"987419fe-009f-4d6d-8a62-bbc4993dc760","name":"Armed forces operational officer","description":""}}
{"_index":"genres","_type":"_doc","_id":"329f15e1-7e5e-4dd5-b5d7-184ef392e28f","_score":1,"_source":{"id":"329f15e1-7e5e-4dd5-b5d7-184ef392e28f","name":"Audiological scientist","description":""}}
{"_index":"genres","_type":"_doc","_id":"e81cdfa5-44f3-43a8-9e77-ee9d81fda060","_score":1,"_source":{"id":"e81cdfa5-44f3-43a8-9e77-ee9d81fda060","name":"Analytical chemist","description":""}}
{"_index":"genres","_type":"_doc","_id":"a866ee75-4cc3-433a-98cb-9431c0220452","_score":1,"_source":{"id":"a866ee75-4cc3-433a-98cb-9431c0220452","name":"Bookseller","description":""}}
{"_index":"genres","_type":"_doc","_id":"c31cdf0d-3cbb-4f9c-868c-70e2ced0e010","_score":1,"_source":{"id":"c31cdf0d-3cbb-4f9c-868c-70e2ced0e010","name":"Dentist","description":""}}
{"_index":"genres","_type":"_doc","_id":"ea4216f2-80ff-4bfb-aef3-1976a35cb923","_score":1,"_source":{"id":"ea4216f2-80ff-4bfb-aef3-1976a35cb923","name":"Psychiatrist","description":""}}
{"_index":"genres","_type":"_doc","_id":"3a9df336-fb17-4b6d-91b5-8557e996db34","_score":1,"_source":{"id":"3a9df336-fb17-4b6d-91b5-8557e996db34","name":"Clinical biochemist","description":""}}
{"_index":"genres","_type":"_doc","_id":"eac99cc4-25a7-49b1-8af3-0a5f8fac1f18","_score":1,"_source":{"id":"eac99cc4-25a7-49b1-8af3-0a5f8fac1f18","name":"Intelligence analyst","description":""}}
{"_index":"genres","_type":"_doc","_id":"a1c7d48a-7039-4724-a53f-9224d6c58af8","_score":1,"_source":{"id":"a1c7d48a-7039-4724-a53f-9224d6c58af8","name":"Land","description":""}}
{"_index":"genres","_type":"_doc","_id":"c31cb1bd-35dc-4fbd-bfa4-9ae388c3b660","_score":1,"_source":{"id":"c31cb1bd-35dc-4fbd-bfa4-9ae388c3b660","name":"Midwife","description":""}}
{"_index":"genres","_type":"_doc","_id":"e864ceb4-2869-4286-8a07-943824e64979","_score":1,"_source":{"id":"e864ceb4-2869-4286-8a07-943824e64979","name":"Bonds trader","description":""}}
{"_index":"genres","_type":"_doc","_id":"cd95af8f-e4ad-429f-8889-c1febd2f66fc","_score":1,"_source":{"id":"cd95af8f-e4ad-429f-8889-c1febd2f66fc","name":"Health and safety inspector","description":""}}
{"_index":"genres","_type":"_doc","_id":"1baa4b63-9cd6-4333-83c3-ffdb232e5e40","_score":1,"_source":{"id":"1baa4b63-9cd6-4333-83c3-ffdb232e5e40","name":"Dance movement psychotherapist","description":""}}
{"_index":"genres","_type":"_doc","_id":"337d3541-5ece-421b-8096-a5d42257220e","_score":1,"_source":{"id":"337d3541-5ece-421b-8096-a5d42257220e","name":"Teacher, early years/pre","description":""}}
{"_index":"genres","_type":"_doc","_id":"82d6029c-1110-46e7-bdf7-19a139eb56eb","_score":1,"_source":{"id":"82d6029c-1110-46e7-bdf7-19a139eb56eb","name":"Politician's assistant","description":""}}
{"_index":"genres","_type":"_doc","_id":"ddb28445-874e-410d-af73-801f650239b0","_score":1,"_source":{"id":"ddb28445-874e-410d-af73-801f650239b0","name":"Photographer","description":""}}
{"_index":"genres","_type":"_doc","_id":"0fb688cd-35d3-4c66-b865-478f770f5032","_score":1,"_source":{"id":"0fb688cd-35d3-4c66-b865-478f770f5032","name":"Visual merchandiser","description":""}}
{"_index":"genres","_type":"_doc","_id":"47475c7b-b5cf-4621-a5f3-865e94d562d7","_score":1,"_source":{"id":"47475c7b-b5cf-4621-a5f3-865e94d562d7","name":"Legal secretary","description":""}}
{"_index":"genres","_type":"_doc","_id":"8173570c-989f-457c-bd66-ccffba89975c","_score":1,"_source":{"id":"8173570c-989f-457c-bd66-ccffba89975c","name":"Solicitor","description":""}}
{"_index":"genres","_type":"_doc","_id":"77c57eec-0cd3-4d28-84da-340637539f8a","_score":1,"_source":{"id":"77c57eec-0cd3-4d28-84da-340637539f8a","name":"Office manager","description":""}}
{"_index":"genres","_type":"_doc","_id":"5a8841a9-9176-4a3f-8152-c3cb5d08b5c3","_score":1,"_source":{"id":"5a8841a9-9176-4a3f-8152-c3cb5d08b5c3","name":"Retail manager","description":""}}
{"_index":"genres","_type":"_doc","_id":"c495a8c1-7f87-494a-8fa4-e75cc5fd50a7","_score":1,"_source":{"id":"c495a8c1-7f87-494a-8fa4-e75cc5fd50a7","name":"Trade union research officer","description":""}}
{"_index":"genres","_type":"_doc","_id":"fcec76e4-31ac-4e3e-b46b-c0e885f6a935","_score":1,"_source":{"id":"fcec76e4-31ac-4e3e-b46b-c0e885f6a935","name":"Copywriter, advertising","description":""}}
{"_index":"genres","_type":"_doc","_id":"a5e0b6dc-cc75-40a9-8589-1cc40fd05405","_score":1,"_source":{"id":"a5e0b6dc-cc75-40a9-8589-1cc40fd05405","name":"Hospital pharmacist","description":""}}
{"_index":"genres","_type":"_doc","_id":"ff0f052b-eec7-4a64-b99c-c12344eede21","_score":1,"_source":{"id":"ff0f052b-eec7-4a64-b99c-c12344eede21","name":"Nurse, children's","description":""}}
{"_index":"genres","_type":"_doc","_id":"d10ceb3f-ab2e-4077-b7f3-22bd984554d4","_score":1,"_source":{"id":"d10ceb3f-ab2e-4077-b7f3-22bd984554d4","name":"Financial trader","description":""}}
{"_index":"genres","_type":"_doc","_id":"53fe7bda-2b32-49f8-a2d1-a9214559fc88","_score":1,"_source":{"id":"53fe7bda-2b32-49f8-a2d1-a9214559fc88","name":"Therapist, drama","description":""}}
{"_index":"genres","_type":"_doc","_id":"669aad20-f59f-4740-8c83-99543457c4a3","_score":1,"_source":{"id":"669aad20-f59f-4740-8c83-99543457c4a3","name":"Art therapist","description":""}}
{"_index":"genres","_type":"_doc","_id":"f521ac43-15e7-44ae-9b56-901286bff6a4","_score":1,"_source":{"id":"f521ac43-15e7-44ae-9b56-901286bff6a4","name":"Social worker","description":""}}
{"_index":"genres","_type":"_doc","_id":"5f47eb5b-f5e9-4b95-ae55-e7a8b8d5c9e8","_score":1,"_source":{"id":"5f47eb5b-f5e9-4b95-ae55-e7a8b8d5c9e8","name":"Materials engineer","description":""}}
{"_index":"genres","_type":"_doc","_id":"f38091de-b1e4-493b-9a6a-8f60d8db6099","_score":1,"_source":{"id":"f38091de-b1e4-493b-9a6a-8f60d8db6099","name":"Data scientist","description":""}}
{"_index":"genres","_type":"_doc","_id":"101fe8df-cf30-4551-9c9d-d0bf86da65a1","_score":1,"_source":{"id":"101fe8df-cf30-4551-9c9d-d0bf86da65a1","name":"Charity officer","description":""}}
{"_index":"genres","_type":"_doc","_id":"06c50cda-15ef-4128-a46e-ed0cdab0c687","_score":1,"_source":{"id":"06c50cda-15ef-4128-a46e-ed0cdab0c687","name":"Adult nurse","description":""}}
